1,接触机会,没有渠道
2,接触机会,没有渠道
3,接触机会,没有渠道
4,接触机会,没有渠道
5,接触机会,没有渠道
6,接触机会,没有渠道
7,接触机会,没有渠道
8,接触机会,没有渠道
9,接触机会,没有渠道
10,接触机会,没有渠道
11,接触机会,没有渠道
12,接触机会,没有渠道
13,接触机会,没有渠道
14,接触机会,没有渠道
15,接触机会,没有渠道
16,接触机会,没有渠道
17,接触机会,没有渠道
18,接触机会,没有渠道
19,接触机会,没有渠道
20,接触机会,没有渠道
21,接触机会,没有渠道
22,接触机会,没有渠道
23,接触机会,没有渠道
24,接触机会,没有渠道
25,接触机会,没有渠道
26,接触机会,没有渠道
27,接触机会,没有渠道
28,接触机会,没有渠道
29,接触机会,没有渠道
30,接触机会,没有渠道
31,接触机会,没有渠道
32,接触机会,没有渠道
33,接触机会,没有渠道
34,接触机会,没有渠道
35,接触机会,没有渠道
36,接触机会,没有渠道
37,接触机会,没有渠道
38,接触机会,没有渠道
39,接触机会,没有渠道
40,接触机会,没有渠道
41,接触机会,没有渠道
42,接触机会,没有渠道
43,接触机会,没有渠道
44,接触机会,没有渠道
45,接触机会,没有渠道
46,接触机会,没有渠道
47,接触机会,没有渠道
48,接触机会,没有渠道
49,接触机会,没有渠道
50,接触机会,没有渠道
51,接触机会,没有渠道
52,接触机会,没有渠道
53,接触机会,没有渠道
54,接触机会,没有渠道
55,接触机会,没有渠道
56,接触机会,没有渠道
57,接触机会,没有渠道
58,接触机会,没有渠道
59,接触机会,没有渠道
60,接触机会,没有渠道
61,接触机会,没有渠道
62,接触机会,没有渠道
63,接触机会,没有渠道
64,接触机会,没有渠道
65,接触机会,没有渠道
66,接触机会,没有渠道
67,接触机会,没有渠道
68,接触机会,没有渠道
69,接触机会,没有渠道
70,接触机会,没有渠道
71,接触机会,没有渠道
72,接触机会,没有渠道
73,接触机会,没有渠道
74,接触机会,没有渠道
75,接触机会,没有渠道
76,接触机会,没有渠道
77,接触机会,没有渠道
78,接触机会,没有渠道
79,接触机会,没有渠道
80,接触机会,没有渠道
81,接触机会,没有渠道
82,接触机会,没有渠道
83,接触机会,没有渠道
84,接触机会,没有渠道
85,接触机会,没有渠道
86,接触机会,没有渠道
87,接触机会,没有渠道
88,接触机会,没有渠道
89,接触机会,没有渠道
90,接触机会,没有渠道
91,接触机会,没有渠道
92,接触机会,没有渠道
93,接触机会,没有渠道
94,接触机会,没有渠道
95,接触机会,没有渠道
96,接触机会,没有渠道
97,接触机会,没有渠道
98,接触机会,没有渠道
99,接触机会,没有渠道
100,接触机会,没有渠道
101,接触机会,没有渠道
102,接触机会,没有渠道
103,接触机会,没有渠道
104,接触机会,没有渠道
105,接触机会,没有渠道
106,接触机会,没有渠道
107,接触机会,没有渠道
108,接触机会,没有渠道
109,接触机会,没有渠道
110,接触机会,没有渠道
111,接触机会,没有渠道
112,接触机会,没有渠道
113,接触机会,没有渠道
114,接触机会,没有渠道
115,接触机会,社区禁止
116,接触机会,社区禁止
117,接触机会,社区禁止
118,接触机会,社区禁止
119,意愿能力,担心传染病毒
120,意愿能力,担心传染病毒
121,意愿能力,担心传染病毒
122,意愿能力,担心传染病毒
123,意愿能力,担心传染病毒
124,意愿能力,担心传染病毒
125,意愿能力,价高而买不起
126,意愿能力,价高而买不起
127,意愿能力,价高而买不起
128,意愿能力,价高而买不起
129,意愿能力,价高而买不起
130,意愿能力,价高而买不起
131,意愿能力,价高而买不起
132,意愿能力,价高而买不起
133,意愿能力,价高而买不起
134,意愿能力,没有能力参与
135,意愿能力,没有能力参与
136,意愿能力,没有能力参与
137,意愿能力,没有能力参与
138,意愿能力,没有能力参与
139,意愿能力,没有能力参与
140,意愿能力,没有能力参与
141,意愿能力,没有能力参与
142,意愿能力,没有能力参与
143,意愿能力,没有能力参与
144,意愿能力,没有能力参与
145,意愿能力,没有能力参与
146,意愿能力,没有能力参与
147,意愿能力,没有能力参与
148,意愿能力,没有能力参与
149,意愿能力,没有能力参与
150,意愿能力,没有能力参与
151,意愿能力,没有能力参与
152,意愿能力,没有能力参与
153,意愿能力,没有能力参与
154,意愿能力,没有能力参与
155,意愿能力,没有能力参与
156,意愿能力,没有能力参与
157,意愿能力,没有能力参与
158,意愿能力,没有能力参与
159,渠道供给,运力
160,渠道供给,运力
161,渠道供给,运力
162,渠道供给,运力
163,渠道供给,运力
164,渠道供给,运力
165,渠道供给,渠道失灵
166,渠道供给,渠道失灵
167,渠道供给,渠道失灵
168,渠道供给,渠道失灵
169,渠道供给,渠道失灵
170,渠道供给,渠道失灵
171,渠道供给,渠道失灵
172,渠道供给,渠道失灵
173,渠道供给,渠道失灵
174,渠道供给,渠道失灵
175,渠道供给,渠道失灵
176,渠道供给,渠道失灵
177,渠道供给,渠道失灵
178,渠道供给,渠道失灵
179,渠道供给,渠道失灵
180,渠道供给,渠道失灵
181,渠道供给,渠道失灵
182,渠道供给,渠道失灵
183,渠道供给,渠道失灵
184,渠道供给,渠道失灵
185,渠道供给,渠道失灵
186,渠道供给,渠道失灵
187,渠道供给,渠道失灵
188,渠道供给,渠道失灵
189,渠道供给,渠道失灵
190,渠道供给,渠道失灵
191,渠道供给,渠道失灵
192,渠道供给,渠道失灵
193,渠道供给,渠道失灵
194,渠道供给,渠道失灵
195,渠道供给,渠道失灵
196,渠道供给,渠道失灵
197,渠道供给,渠道失灵
198,结果表现,食物变质
199,结果表现,食物变质
200,结果表现,被骗钱